worker_id,worker_name,status,password
w_001,陳怡婷,on,123456
w_002,林冠宇,on ,123456
w_003,黃子涵,on ,123456
w_004,張心妤,on ,123456
w_005,李俊宏,on ,123456
w_006,王柏翰,leave,123456
w_007,吳芷瑩,leave,123456
w_008,劉思涵,leave,123456
w_009,楊昀潔,on ,123456
w_010,蔡佳穎,on ,123456
w_011,鄭彥君,leave,123456
w_012,許雅筑,on ,123456
w_013,高志豪,on ,123456
w_014,胡沛霖,leave,123456
w_015,曾書豪,on ,123456
w_016,邱怡君,on ,123456
w_017,卓家瑜,on ,123456
w_018,宋奕翔,leave,123456
w_019,江若彤,on ,123456
w_020,吳昱婷,leave,123456
w_021,宋昕妍,on ,123456
w_022,鍾映竹,on ,123456
w_023,賴詩涵,on ,123456
w_024,阮佳儀,leave,123456
w_025,吳承恩,on ,123456
w_026,洪子誠,on ,123456
w_027,戴哲宇,on ,123456
w_028,徐芷柔,leave,123456
w_029,陸靖茹,leave,123456
w_030,胡智謙,on ,123456
w_031,蔡欣怡,on ,123456
w_032,楊心妤,on ,123456
w_033,林沛倫,leave,123456
w_034,王映潔,on ,123456
w_035,謝語恩,leave,123456